403,acoustic_guitar,10,,
971,alp,10,,
411,"apiary,_bee_house",10,,
437,"beach_wagon,_station_wagon,_wagon,_estate_car,_beach_waggon,_station_waggon,_waggon",10,,
442,beer_glass,10,,
476,car_mirror,10,,
490,chainlink_fence,10,,
501,cliff_dwelling,10,,
535,"dishwasher,_dish_washer,_dishwashing_machine",10,,
536,"disk_brake,_disc_brake",10,,
542,"drum,_membranophone,_tympan",10,,
286,Egyptian_cat,10,,
561,football_helmet,10,,
570,"garbage_truck,_dustcart",10,,
208,golden_retriever,10,,
578,"gong,_tam-tam",10,,
976,"lakeside,_lakeshore",10,,
723,ping-pong_ball,10,,
786,"seat_belt,_seatbelt",10,,
796,ski,10,,
844,swing,10,,
981,volcano,10,,
405,airliner,9,,
241,Appenzeller,9,,
414,"assault_rifle,_assault_gun",9,,
454,bookcase,9,,
461,"breakwater,_groin,_groyne,_mole,_bulwark,_seawall,_jetty",9,,
480,car_wheel,9,,
974,coral_reef,9,,
527,desk,9,,
537,"dock,_dockage,_docking_facility",9,,
962,dough,9,,
543,drumstick,9,,
131,flamingo,9,,
579,gown,9,,
580,"grand_piano,_grand",9,,
924,plate,9,,
747,"puck,_hockey_puck",9,,
753,"racket,_racquet",9,,
984,scuba_diver,9,,
979,"seashore,_coast,_seacoast,_sea-coast",9,,
282,"tabby,_tabby_cat",9,,
855,"theater_curtain,_theatre_curtain",9,,
982,"ballplayer,_baseball_player",8,,
423,barbell,8,,
436,"bathtub,_bathing_tub,_bath,_tub",8,,
492,"chain_saw,_chainsaw",8,,
206,flat-coated_retriever,8,,
236,"German_shepherd,_German_shepherd_dog,_German_police_dog,_alsatian",8,,
983,"groom,_bridegroom",8,,
595,harp,8,,
603,"horizontal_bar,_high_bar",8,,
612,jigsaw_puzzle,8,,
205,"Lhasa,_Lhasa_apso",8,,
651,"microphone,_mike",8,,
657,minivan,8,,
666,moped,8,,
698,"pajama,_pyjama,_pj's,_jammies",8,,
740,potter's_wheel,8,,
765,rifle,8,,
783,"screen,_CRT_screen",8,,
843,"swimming_trunks,_bathing_trunks",8,,
898,"washer,_automatic_washer,_washing_machine",8,,
909,wing,8,,
401,"academic_gown,_academic_robe,_judge's_robe",7,,
402,"accordion,_piano_accordion,_squeeze_box",7,,
430,baseball,7,,
441,beer_bottle,7,,
464,"bucket,_pail",7,,
477,"carousel,_carrousel,_merry-go-round,_roundabout,_whirligig",7,,
485,catamaran,7,,
487,"cello,_violoncello",7,,
521,"crib,_cot",7,,
568,"frying_pan,_frypan,_skillet",7,,
583,"grocery_store,_grocery,_food_market,_market",7,,
611,"jersey,_T-shirt,_tee_shirt",7,,
621,"laptop,_laptop_computer",7,,
652,"microwave,_microwave_oven",7,,
267,miniature_poodle,7,,
676,moving_van,7,,
230,"Old_English_sheepdog,_bobtail",7,,
346,ox,7,,
694,"paddle,_boat_paddle",7,,
264,"Pembroke,_Pembroke_Welsh_corgi",7,,
719,pier,7,,
255,"pug,_pug-dog",7,,
793,shovel,7,,
806,soccer_ball,7,,
340,sorrel,7,,
830,"streetcar,_tram,_tramcar,_trolley,_trolley_car",7,,
852,"television,_television_system",7,,
877,"tub,_vat",7,,
882,"upright,_upright_piano",7,,
181,"American_Staffordshire_terrier,_Staffordshire_terrier,_American_pit_bull_terrier,_pit_bull_terrier",6,,
413,"ashcan,_trash_can,_garbage_can,_wastebin,_ash_bin,_ash-bin,_ashbin,_dustbin,_trash_barrel,_trash_bin",6,,
421,banjo,6,,
446,"bikini,_two-piece",6,,
473,canoe,6,,
495,"chime,_bell,_gong",6,,
973,"cliff,_drop,_drop-off",6,,
519,crash_helmet,6,,
548,electric_locomotive,6,,
549,entertainment_center,6,,
246,French_bulldog,6,,
211,German_short-haired_pointer,6,,
389,"giant_panda,_panda,_panda_bear,_coon_bear,_Ailuropoda_melanoleuca",6,,
574,go-kart,6,,
148,"grey_whale,_gray_whale,_devilfish,_Eschrichtius_gibbosus,_Eschrichtius_robustus",6,,
9,hen,6,,
600,honeycomb,6,,
608,jack-o'-lantern,6,,
617,knot,6,,
154,"Maltese_dog,_Maltese_terrier,_Maltese",6,,
660,mixing_bowl,6,,
674,"mouse,_computer_mouse",6,,
682,"notebook,_notebook_computer",6,,
693,packet,6,,
702,"parachute,_chute",6,,
734,pole,6,,
737,"pool_table,_billiard_table,_snooker_table",6,,
739,"pot,_flowerpot",6,,
763,"restaurant,_eating_house,_eating_place,_eatery",6,,
248,"Saint_Bernard,_St_Bernard",6,,
782,scoreboard,6,,
820,stage,6,,
828,stove,6,,
835,"suit,_suit_of_clothes",6,,
842,sweatshirt,6,,
868,"trailer_truck,_tractor_trailer,_trucking_rig,_rig,_articulated_lorry,_semi",6,,
871,"tricycle,_trike,_velocipede",6,,
887,vending_machine,6,,
897,"washbasin,_handbasin,_washbowl,_lavabo,_wash-hand_basin",6,,
906,window_shade,6,,
913,"worm_fence,_snake_fence,_snake-rail_fence,_Virginia_fence",6,,
410,analog_clock,5,,
416,"bakery,_bakeshop,_bakehouse",5,,
418,balloon,5,,
422,"bannister,_banister,_balustrade,_balusters,_handrail",5,,
310,bee,5,,
449,birdhouse,5,,
455,"bookshop,_bookstore,_bookstall",5,,
183,Border_terrier,5,,
469,"cab,_hack,_taxi,_taxicab",5,,
470,"caldron,_cauldron",5,,
471,"candle,_taper,_wax_light",5,,
969,cup,5,,
528,desktop_computer,5,,
533,"dining_table,_board",5,,
547,electric_guitar,5,,
562,forklift,5,,
581,"greenhouse,_nursery,_glasshouse",5,,
582,"grille,_radiator_grille",5,,
599,"home_theater,_home_theatre",5,,
609,"jean,_blue_jean,_denim",5,,
643,"marimba,_xylophone",5,,
653,military_uniform,5,,
665,monitor,5,,
673,mountain_tent,5,,
690,overskirt,5,,
699,palace,5,,
964,"pizza,_pizza_pie",5,,
742,"prayer_rug,_prayer_mat",5,,
800,sliding_door,5,,
810,soup_bowl,5,,
818,"sports_car,_sport_car",5,,
838,"sunglasses,_dark_glasses,_shades",5,,
848,"tank,_army_tank,_armored_combat_vehicle,_armoured_combat_vehicle",5,,
921,"traffic_light,_traffic_signal,_stoplight",5,,
907,Windsor_tie,5,,
387,"African_elephant,_Loxodonta_africana",4,,
88,"African_grey,_African_gray,_Psittacus_erithacus",4,,
296,"American_black_bear,_black_bear,_Ursus_americanus,_Euarctos_americanus",4,,
133,"American_egret,_great_white_heron,_Egretta_albus",4,,
432,bassinet,4,,
233,Border_collie,4,,
216,Brittany_spaniel,4,,
244,bull_mastiff,4,,
488,"cellular_telephone,_cellular_phone,_cellphone,_cell,_mobile_phone",4,,
505,coffee_mug,4,,
512,convertible,4,,
522,Crock_Pot,4,,
919,"crossword_puzzle,_crossword",4,,
207,curly-coated_retriever,4,,
986,daisy,4,,
530,"diaper,_nappy,_napkin",4,,
538,"dogsled,_dog_sled,_dog_sleigh",4,,
999,"ear,_spike,_capitulum",4,,
249,"Eskimo_dog,_husky",4,,
563,fountain,4,,
354,gazelle,4,,
2,"goldfish,_Carassius_auratus",4,,
575,golf_ball,4,,
100,goose,4,,
153,Japanese_spaniel,4,,
619,ladle,4,,
622,"lawn_mower,_mower",4,,
625,library,4,,
629,"liner,_ocean_liner",4,,
963,"meat_loaf,_meatloaf",4,,
655,minibus,4,,
656,"miniskirt,_mini",4,,
668,mortarboard,4,,
671,"motor_scooter,_scooter",4,,
672,"mountain_bike,_all-terrain_bike,_off-roader",4,,
175,"Norwegian_elkhound,_elkhound",4,,
686,"odometer,_hodometer,_mileometer,_milometer",4,,
155,"Pekinese,_Pekingese,_Peke",4,,
284,Persian_cat,4,,
717,"picket_fence,_paling",4,,
743,printer,4,,
751,"quilt,_comforter,_comfort,_puff",4,,
752,"racer,_race_car,_racing_car",4,,
224,schipperke,4,,
781,schooner,4,,
251,Siberian_husky,4,,
832,"studio_couch,_day_bed",4,,
33,"tailed_frog,_bell_toad,_ribbed_toad,_tailed_toad,_Ascaphus_trui",4,,
859,tile_roof,4,,
863,torch,4,,
266,toy_poodle,4,,
867,tractor,4,,
883,"vacuum,_vacuum_cleaner",4,,
980,"valley,_vale",4,,
885,vault,4,,
890,"violin,_fiddle",4,,
891,volleyball,4,,
900,water_jug,4,,
901,water_tower,4,,
905,window_screen,4,,
48,"African_chameleon,_Chamaeleo_chamaeleon",3,,
404,"aircraft_carrier,_carrier,_flattop,_attack_aircraft_carrier",3,,
194,Australian_terrier,3,,
162,"basset,_basset_hound",3,,
434,"bathing_cap,_swimming_cap",3,,
163,beagle,3,,
439,beaker,3,,
444,bib,3,,
348,bison,3,,
157,Blenheim_spaniel,3,,
450,boathouse,3,,
196,"Boston_bull,_Boston_terrier",3,,
243,boxer,3,,
460,"brassiere,_bra,_bandeau",3,,
295,"brown_bear,_bruin,_Ursus_arctos",3,,
494,"chiffonier,_commode",3,,
496,"china_cabinet,_china_closet",3,,
509,"computer_keyboard,_keypad",3,,
514,"cornet,_horn,_trumpet,_trump",3,,
516,"cowboy_hat,_ten-gallon_hat",3,,
135,crane,3,,
252,"dalmatian,_coach_dog,_carriage_dog",3,,
526,"dam,_dike,_dyke",3,,
531,digital_clock,3,,
539,dome,3,,
143,dowitcher,3,,
541,"drilling_platform,_offshore_rig",3,,
119,"Dungeness_crab,_Cancer_magister",3,,
545,Dutch_oven,3,,
551,espresso_maker,3,,
556,"fire_engine,_fire_truck",3,,
559,"flute,_transverse_flute",3,,
566,freight_car,3,,
577,gondola,3,,
587,half_track,3,,
596,"harvester,_reaper",3,,
95,hummingbird,3,,
64,"Indian_cobra,_Naja_naja",3,,
386,"Indian_elephant,_Elephas_maximus",3,,
15,"indigo_bunting,_indigo_finch,_indigo_bird,_Passerina_cyanea",3,,
209,Labrador_retriever,3,,
256,Leonberg,3,,
374,macaque,3,,
648,measuring_cup,3,,
238,miniature_pinscher,3,,
197,miniature_schnauzer,3,,
680,necklace,3,,
257,"Newfoundland,_Newfoundland_dog",3,,
186,Norfolk_terrier,3,,
689,"oscilloscope,_scope,_cathode-ray_oscilloscope,_CRO",3,,
700,"panpipe,_pandean_pipe,_syrinx",3,,
708,"pay-phone,_pay-station",3,,
731,"plow,_plough",3,,
745,"projectile,_missile",3,,
977,"promontory,_headland,_head,_foreland",3,,
754,radiator,3,,
967,red_wine,3,,
761,"refrigerator,_icebox",3,,
259,"Samoyed,_Samoyede",3,,
780,school_bus,3,,
191,"Sealyham_terrier,_Sealyham",3,,
231,"Shetland_sheepdog,_Shetland_sheep_dog,_Shetland",3,,
792,shopping_cart,3,,
802,snorkel,3,,
124,"spiny_lobster,_langouste,_rock_lobster,_crawfish,_crayfish,_sea_crawfish",3,,
180,"Staffordshire_bullterrier,_Staffordshire_bull_terrier",3,,
837,sunglass,3,,
862,toilet_seat,3,,
893,wall_clock,3,,
219,Welsh_springer_spaniel,3,,
253,"affenpinscher,_monkey_pinscher,_monkey_dog",2,,
407,altar,2,,
123,"American_lobster,_Northern_lobster,_Maine_lobster,_Homarus_americanus",2,,
355,"Arabian_camel,_dromedary,_Camelus_dromedarius",2,,
373,baboon,2,,
415,"backpack,_back_pack,_knapsack,_packsack,_rucksack,_haversack",2,,
932,"bagel,_beigel",2,,
427,barometer,2,,
431,basketball,2,,
438,"beacon,_lighthouse,_beacon_light,_pharos",2,,
440,"bearskin,_busby,_shako",2,,
93,bee_eater,2,,
240,Bernese_mountain_dog,2,,
350,"bighorn,_bighorn_sheep,_cimarron,_Rocky_Mountain_bighorn,_Rocky_Mountain_sheep,_Ovis_canadensis",2,,
165,bluetick,2,,
451,"bobsled,_bobsleigh,_bob",2,,
31,"bullfrog,_Rana_catesbeiana",2,,
960,carbonara,2,,
265,"Cardigan,_Cardigan_Welsh_corgi",2,,
481,"cash_machine,_cash_dispenser,_automated_teller_machine,_automatic_teller_machine,_automated_teller,_automatic_teller,_ATM",2,,
294,"cheetah,_chetah,_Acinonyx_jubatus",2,,
210,Chesapeake_Bay_retriever,2,,
8,cock,2,,
220,"cocker_spaniel,_English_cocker_spaniel,_cocker",2,,
988,corn,2,,
517,cradle,2,,
313,cricket,2,,
68,"diamondback,_diamondback_rattlesnake,_Crotalus_adamanteus",2,,
532,digital_watch,2,,
150,"dugong,_Dugong_dugon",2,,
544,dumbbell,2,,
970,eggnog,2,,
242,EntleBucher,2,,
968,espresso,2,,
557,"fire_screen,_fireguard",2,,
558,"flagpole,_flagstaff",2,,
560,folding_chair,2,,
336,"fox_squirrel,_eastern_fox_squirrel,_Sciurus_niger",2,,
58,"garter_snake,_grass_snake",2,,
975,geyser,2,,
576,"golfcart,_golf_cart",2,,
247,Great_Dane,2,,
258,Great_Pyrenees,2,,
239,Greater_Swiss_Mountain_dog,2,,
352,hartebeest,2,,
345,"hippopotamus,_hippo,_river_horse,_Hippopotamus_amphibius",2,,
55,"hognose_snake,_puff_adder,_sand_viper",2,,
930,"ice_lolly,_lolly,_lollipop,_popsicle",2,,
353,"impala,_Aepyceros_melampus",2,,
613,"jinrikisha,_ricksha,_rickshaw",2,,
616,knee_pad,2,,
626,lifeboat,2,,
633,"loudspeaker,_speaker,_speaker_unit,_loudspeaker_system,_speaker_system",2,,
250,"malamute,_malemute,_Alaskan_malamute",2,,
316,"mantis,_mantid",2,,
644,mask,2,,
646,maypole,2,,
923,menu,2,,
658,missile,2,,
662,Model_T,2,,
675,mousetrap,2,,
36,mud_turtle,2,,
678,nail,2,,
684,"oboe,_hautboy,_hautbois",2,,
951,orange,2,,
176,"otterhound,_otter_hound",2,,
692,oxygen_mask,2,,
695,"paddlewheel,_paddle_wheel",2,,
701,paper_towel,2,,
158,papillon,2,,
704,park_bench,2,,
713,Petri_dish,2,,
714,photocopier,2,,
726,"pitcher,_ewer",2,,
728,planetarium,2,,
729,plastic_bag,2,,
735,"police_van,_police_wagon,_paddy_wagon,_patrol_wagon,_wagon,_black_Maria",2,,
755,"radio,_wireless",2,,
758,"recreational_vehicle,_RV,_R.V.",2,,
169,redbone,2,,
760,reflex_camera,2,,
307,rhinoceros_beetle,2,,
771,running_shoe,2,,
777,"sax,_saxophone",2,,
151,sea_lion,2,,
788,"shield,_buckler",2,,
795,shower_curtain,2,,
202,"silky_terrier,_Sydney_silky",2,,
797,ski_mask,2,,
801,"slot,_one-armed_bandit",2,,
823,steel_drum,2,,
825,stole,2,,
826,stone_wall,2,,
853,tennis_ball,2,,
53,"thunder_snake,_worm_snake,_Carphophis_amoenus",2,,
283,tiger_cat,2,,
873,tripod,2,,
879,typewriter_keyboard,2,,
880,umbrella,2,,
896,"warplane,_military_plane",2,,
899,water_bottle,2,,
917,"web_site,_website,_internet_site,_site",2,,
908,wine_bottle,2,,
914,wreck,2,,
915,yawl,2,,
916,yurt,2,,
161,"Afghan_hound,_Afghan",1,,
45,alligator_lizard,1,,
394,anemone_fish,1,,
333,"Angora,_Angora_rabbit",1,,
311,"ant,_emmet,_pismire",1,,
412,apron,1,,
945,"artichoke,_globe_artichoke",1,,
23,"bald_eagle,_American_eagle,_Haliaeetus_leucocephalus",1,,
419,"ballpoint,_ballpoint_pen,_ballpen,_Biro",1,,
955,banana,1,,
39,banded_gecko,1,,
425,barbershop,1,,
390,"barracouta,_snoek",1,,
428,"barrel,_cask",1,,
429,"barrow,_garden_cart,_lawn_cart,_wheelbarrow",1,,
433,bassoon,1,,
435,bath_towel,1,,
447,"binder,_ring-binder",1,,
998,bolete,1,,
922,"book_jacket,_dust_cover,_dust_jacket,_dust_wrapper",1,,
38,"box_turtle,_box_tortoise",1,,
263,Brabancon_griffon,1,,
459,"brass,_memorial_tablet,_plaque",1,,
463,broom,1,,
972,bubble,1,,
468,"butcher_shop,_meat_market",1,,
193,"cairn,_cairn_terrier",1,,
474,"can_opener,_tin_opener",1,,
472,cannon,1,,
482,cassette,1,,
489,chain,1,,
491,"chain_mail,_ring_mail,_mail,_chain_armor,_chain_armour,_ring_armor,_ring_armour",1,,
934,cheeseburger,1,,
152,Chihuahua,1,,
498,"church,_church_building",1,,
499,"cinema,_movie_theater,_movie_theatre,_movie_house,_picture_palace",1,,
392,"coho,_cohoe,_coho_salmon,_blue_jack,_silver_salmon,_Oncorhynchus_kisutch",1,,
232,collie,1,,
510,"confectionery,_confectionary,_candy_store",1,,
926,consomme,1,,
511,"container_ship,_containership,_container_vessel",1,,
992,coral_fungus,1,,
520,crate,1,,
125,"crayfish,_crawfish,_crawdad,_crawdaddy",1,,
195,"Dandie_Dinmont,_Dandie_Dinmont_terrier",1,,
529,"dial_telephone,_dial_phone",1,,
274,"dingo,_warrigal,_warragal,_Canis_dingo",1,,
534,"dishrag,_dishcloth",1,,
237,"Doberman,_Doberman_pinscher",1,,
98,drake,1,,
306,dung_beetle,1,,
103,"echidna,_spiny_anteater,_anteater",1,,
391,eel,1,,
546,"electric_fan,_blower",1,,
6,"electric_ray,_crampfish,_numbfish,_torpedo",1,,
168,English_foxhound,1,,
213,English_setter,1,,
218,"English_springer,_English_springer_spaniel",1,,
553,"feather_boa,_boa",1,,
953,fig,1,,
931,French_loaf,1,,
44,"frilled_lizard,_Chlamydosaurus_kingi",1,,
569,fur_coat,1,,
571,"gasmask,_respirator,_gas_helmet",1,,
369,"gibbon,_Hylobates_lar",1,,
312,"grasshopper,_hopper",1,,
3,"great_white_shark,_white_shark,_man-eater,_man-eating_shark,_Carcharodon_carcharias",1,,
225,groenendael,1,,
925,guacamole,1,,
589,hamper,1,,
334,hamster,1,,
590,"hand_blower,_blow_dryer,_blow_drier,_hair_dryer,_hair_drier",1,,
591,"hand-held_computer,_hand-held_microcomputer",1,,
332,hare,1,,
597,hatchet,1,,
342,"hog,_pig,_grunter,_squealer,_Sus_scrofa",1,,
598,holster,1,,
602,"hoopskirt,_crinoline",1,,
67,"horned_viper,_cerastes,_sand_viper,_horned_asp,_Cerastes_cornutus",1,,
604,"horse_cart,_horse-cart",1,,
13,"house_finch,_linnet,_Carpodacus_mexicanus",1,,
351,"ibex,_Capra_ibex",1,,
214,"Irish_setter,_red_setter",1,,
222,Irish_water_spaniel,1,,
607,"iron,_smoothing_iron",1,,
172,Italian_greyhound,1,,
291,"jaguar,_panther,_Panthera_onca,_Felis_onca",1,,
18,jay,1,,
610,"jeep,_landrover",1,,
14,"junco,_snowbird",1,,
228,kelpie,1,,
184,Kerry_blue_terrier,1,,
149,"killer_whale,_killer,_orca,_grampus,_sea_wolf,_Orcinus_orca",1,,
122,"king_crab,_Alaska_crab,_Alaskan_king_crab,_Alaska_king_crab,_Paralithodes_camtschatica",1,,
146,"king_penguin,_Aptenodytes_patagonica",1,,
279,"kit_fox,_Vulpes_macrotis",1,,
229,komondor,1,,
223,kuvasz,1,,
618,"lab_coat,_laboratory_coat",1,,
302,"ladybug,_ladybeetle,_lady_beetle,_ladybird,_ladybird_beetle",1,,
318,leafhopper,1,,
289,"leopard,_Panthera_pardus",1,,
632,lotion,1,,
635,"lumbermill,_sawmill",1,,
384,"Madagascar_cat,_ring-tailed_lemur,_Lemur_catta",1,,
638,"mailbox,_letter_box",1,,
639,maillot,1,,
337,marmot,1,,
647,"maze,_labyrinth",1,,
269,Mexican_hairless,1,,
358,mink,1,,
663,modem,1,,
324,"monarch,_monarch_butterfly,_milkweed_butterfly,_Danaus_plexippus",1,,
664,monastery,1,,
669,mosque,1,,
948,mushroom,1,,
679,neck_brace,1,,
61,"night_snake,_Hypsiglena_torquata",1,,
683,obelisk,1,,
688,"organ,_pipe_organ",1,,
10,"ostrich,_Struthio_camelus",1,,
361,otter,1,,
703,"parallel_bars,_bars",1,,
707,"patio,_terrace",1,,
145,pelican,1,,
718,"pickup,_pickup_truck",1,,
720,"piggy_bank,_penny_bank",1,,
722,pillow,1,,
954,"pineapple,_ananas",1,,
724,pinwheel,1,,
730,plate_rack,1,,
958,pomegranate,1,,
260,Pomeranian,1,,
335,"porcupine,_hedgehog",1,,
965,potpie,1,,
933,pretzel,1,,
744,"prison,_prison_house",1,,
746,projector,1,,
398,"puffer,_pufferfish,_blowfish,_globefish",1,,
749,purse,1,,
757,rain_barrel,1,,
349,"ram,_tup",1,,
985,rapeseed,1,,
278,"red_fox,_Vulpes_vulpes",1,,
141,"red-backed_sandpiper,_dunlin,_Erolia_alpina",1,,
764,"revolver,_six-gun,_six-shooter",1,,
160,Rhodesian_ridgeback,1,,
767,rotisserie,1,,
235,Rottweiler,1,,
769,rugby_ball,1,,
773,safety_pin,1,,
329,sea_urchin,1,,
789,"shoe_shop,_shoe-shop,_shoe_store",1,,
790,shoji,1,,
791,shopping_basket,1,,
69,"sidewinder,_horned_rattlesnake,_Crotalus_cerastes",1,,
298,"sloth_bear,_Melursus_ursinus,_Ursus_ursinus",1,,
114,snail,1,,
290,"snow_leopard,_ounce,_Panthera_uncia",1,,
803,snowmobile,1,,
805,soap_dispenser,1,,
203,soft-coated_wheaten_terrier,1,,
809,sombrero,1,,
811,space_bar,1,,
813,space_shuttle,1,,
814,spatula,1,,
816,"spider_web,_spider's_web",1,,
819,"spotlight,_spot",1,,
199,standard_schnauzer,1,,
821,steam_locomotive,1,,
827,"stopwatch,_stop_watch",1,,
950,strawberry,1,,
920,street_sign,1,,
833,"stupa,_tope",1,,
841,"swab,_swob,_mop",1,,
845,"switch,_electric_switch,_electrical_switch",1,,
847,table_lamp,1,,
850,teapot,1,,
37,terrapin,1,,
365,"three-toed_sloth,_ai,_Bradypus_tridactylus",1,,
4,"tiger_shark,_Galeocerdo_cuvieri",1,,
270,"timber_wolf,_grey_wolf,_gray_wolf,_Canis_lupus",1,,
1000,"toilet_tissue,_toilet_paper,_bathroom_tissue",1,,
159,toy_terrier,1,,
866,toyshop,1,,
32,"tree_frog,_tree-frog",1,,
876,trombone,1,,
878,turnstile,1,,
102,tusker,1,,
881,"unicycle,_monocycle",1,,
892,waffle_iron,1,,
105,"wallaby,_brush_kangaroo",1,,
347,"water_buffalo,_water_ox,_Asiatic_buffalo,_Bubalus_bubalis",1,,
204,West_Highland_white_terrier,1,,
904,wig,1,,
189,wire-haired_fox_terrier,1,,
910,wok,1,,
331,"wood_rabbit,_cottontail,_cottontail_rabbit",1,,
911,wooden_spoon,1,,
912,"wool,_woolen,_woollen",1,,
399,abacus,0,,
400,abaya,0,,
989,acorn,0,,
942,acorn_squash,0,,
322,admiral,0,,
50,"African_crocodile,_Nile_crocodile,_Crocodylus_niloticus",0,,
276,"African_hunting_dog,_hyena_dog,_Cape_hunting_dog,_Lycaon_pictus",0,,
43,agama,0,,
993,agaric,0,,
192,"Airedale,_Airedale_terrier",0,,
406,"airship,_dirigible",0,,
147,"albatross,_mollymawk",0,,
408,ambulance,0,,
51,"American_alligator,_Alligator_mississipiensis",0,,
41,"American_chameleon,_anole,_Anolis_carolinensis",0,,
138,"American_coot,_marsh_hen,_mud_hen,_water_hen,_Fulica_americana",0,,
409,"amphibian,_amphibious_vehicle",0,,
280,"Arctic_fox,_white_fox,_Alopex_lagopus",0,,
364,armadillo,0,,
30,"axolotl,_mud_puppy,_Ambystoma_mexicanum",0,,
363,badger,0,,
417,"balance_beam,_beam",0,,
420,Band_Aid,0,,
424,barber_chair,0,,
426,barn,0,,
74,"barn_spider,_Araneus_cavaticus",0,,
254,basenji,0,,
338,beaver,0,,
182,Bedlington_terrier,0,,
443,"bell_cote,_bell_cot",0,,
946,bell_pepper,0,,
445,"bicycle-built-for-two,_tandem_bicycle,_tandem",0,,
448,"binoculars,_field_glasses,_opera_glasses",0,,
134,bittern,0,,
73,"black_and_gold_garden_spider,_Argiope_aurantia",0,,
81,black_grouse,0,,
129,"black_stork,_Ciconia_nigra",0,,
101,"black_swan,_Cygnus_atratus",0,,
76,"black_widow,_Latrodectus_mactans",0,,
166,black-and-tan_coonhound,0,,
360,"black-footed_ferret,_ferret,_Mustela_nigripes",0,,
164,"bloodhound,_sleuthhound",0,,
62,"boa_constrictor,_Constrictor_constrictor",0,,
452,"bolo_tie,_bolo,_bola_tie,_bola",0,,
453,"bonnet,_poke_bonnet",0,,
170,"borzoi,_Russian_wolfhound",0,,
456,bottlecap,0,,
234,"Bouvier_des_Flandres,_Bouviers_des_Flandres",0,,
457,bow,0,,
458,"bow_tie,_bow-tie,_bowtie",0,,
110,brain_coral,0,,
11,"brambling,_Fringilla_montifringilla",0,,
462,"breastplate,_aegis,_egis",0,,
227,briard,0,,
938,broccoli,0,,
991,"buckeye,_horse_chestnut,_conker",0,,
465,buckle,0,,
17,bulbul,0,,
467,"bullet_train,_bullet",0,,
466,bulletproof_vest,0,,
966,burrito,0,,
139,bustard,0,,
943,butternut_squash,0,,
325,cabbage_butterfly,0,,
379,"capuchin,_ringtail,_Cebus_capucinus",0,,
475,cardigan,0,,
947,cardoon,0,,
478,"carpenter's_kit,_tool_kit",0,,
479,carton,0,,
483,cassette_player,0,,
484,castle,0,,
939,cauliflower,0,,
486,CD_player,0,,
80,centipede,0,,
118,"chambered_nautilus,_pearly_nautilus,_nautilus",0,,
493,chest,0,,
20,chickadee,0,,
368,"chimpanzee,_chimp,_Pan_troglodytes",0,,
117,"chiton,_coat-of-mail_shell,_sea_cradle,_polyplacophore",0,,
961,"chocolate_sauce,_chocolate_syrup",0,,
261,"chow,_chow_chow",0,,
497,Christmas_stocking,0,,
317,"cicada,_cicala",0,,
500,"cleaver,_meat_cleaver,_chopper",0,,
502,cloak,0,,
503,"clog,_geta,_patten,_sabot",0,,
217,"clumber,_clumber_spaniel",0,,
315,"cockroach,_roach",0,,
504,cocktail_shaker,0,,
506,coffeepot,0,,
507,"coil,_spiral,_volute,_whorl,_helix",0,,
376,"colobus,_colobus_monkey",0,,
508,combination_lock,0,,
918,comic_book,0,,
40,"common_iguana,_iguana,_Iguana_iguana",0,,
27,"common_newt,_Triturus_vulgaris",0,,
113,conch,0,,
513,"corkscrew,_bottle_screw",0,,
92,coucal,0,,
287,"cougar,_puma,_catamount,_mountain_lion,_painter,_panther,_Felis_concolor",0,,
515,cowboy_boot,0,,
273,"coyote,_prairie_wolf,_brush_wolf,_Canis_latrans",0,,
523,croquet_ball,0,,
524,crutch,0,,
944,"cucumber,_cuke",0,,
525,cuirass,0,,
957,custard_apple,0,,
321,damselfly,0,,
275,"dhole,_Cuon_alpinus",0,,
540,"doormat,_welcome_mat",0,,
320,"dragonfly,_darning_needle,_devil's_darning_needle,_sewing_needle,_snake_feeder,_snake_doctor,_mosquito_hawk,_skeeter_hawk",0,,
996,earthstar,0,,
28,eft,0,,
550,envelope,0,,
26,"European_fire_salamander,_Salamandra_salamandra",0,,
137,"European_gallinule,_Porphyrio_porphyrio",0,,
552,face_powder,0,,
121,fiddler_crab,0,,
554,"file,_file_cabinet,_filing_cabinet",0,,
555,fireboat,0,,
111,"flatworm,_platyhelminth",0,,
309,fly,0,,
564,fountain_pen,0,,
565,four-poster,0,,
567,"French_horn,_horn",0,,
396,"gar,_garfish,_garpike,_billfish,_Lepisosteus_osseus",0,,
75,"garden_spider,_Aranea_diademata",0,,
572,"gas_pump,_gasoline_pump,_petrol_pump,_island_dispenser",0,,
198,giant_schnauzer,0,,
46,"Gila_monster,_Heloderma_suspectum",0,,
573,goblet,0,,
12,"goldfinch,_Carduelis_carduelis",0,,
215,Gordon_setter,0,,
367,"gorilla,_Gorilla_gorilla",0,,
949,Granny_Smith,0,,
25,"great_grey_owl,_great_gray_owl,_Strix_nebulosa",0,,
47,"green_lizard,_Lacerta_viridis",0,,
65,green_mamba,0,,
56,"green_snake,_grass_snake",0,,
281,"grey_fox,_gray_fox,_Urocyon_cinereoargenteus",0,,
303,"ground_beetle,_carabid_beetle",0,,
371,"guenon,_guenon_monkey",0,,
584,guillotine,0,,
339,"guinea_pig,_Cavia_cobaya",0,,
994,gyromitra,0,,
585,hair_slide,0,,
586,hair_spray,0,,
588,hammer,0,,
5,"hammerhead,_hammerhead_shark",0,,
592,"handkerchief,_hankie,_hanky,_hankey",0,,
593,"hard_disc,_hard_disk,_fixed_disk",0,,
594,"harmonica,_mouth_organ,_harp,_mouth_harp",0,,
71,"harvestman,_daddy_longlegs,_Phalangium_opilio",0,,
959,hay,0,,
937,head_cabbage,0,,
997,"hen-of-the-woods,_hen_of_the_woods,_Polyporus_frondosus,_Grifola_frondosa",0,,
126,hermit_crab,0,,
990,"hip,_rose_hip,_rosehip",0,,
601,"hook,_claw",0,,
94,hornbill,0,,
927,"hot_pot,_hotpot",0,,
935,"hotdog,_hot_dog,_red_hot",0,,
605,hourglass,0,,
380,"howler_monkey,_howler",0,,
277,"hyena,_hyaena",0,,
174,"Ibizan_hound,_Ibizan_Podenco",0,,
297,"ice_bear,_polar_bear,_Ursus_Maritimus,_Thalarctos_maritimus",0,,
929,"ice_cream,_icecream",0,,
385,"indri,_indris,_Indri_indri,_Indri_brevicaudatus",0,,
606,iPod,0,,
185,Irish_terrier,0,,
171,Irish_wolfhound,0,,
127,isopod,0,,
96,jacamar,0,,
956,"jackfruit,_jak,_jack",0,,
108,jellyfish,0,,
614,joystick,0,,
262,keeshond,0,,
615,kimono,0,,
57,"king_snake,_kingsnake",0,,
22,kite,0,,
106,"koala,_koala_bear,_kangaroo_bear,_native_bear,_Phascolarctos_cinereus",0,,
49,"Komodo_dragon,_Komodo_lizard,_dragon_lizard,_giant_lizard,_Varanus_komodoensis",0,,
319,"lacewing,_lacewing_fly",0,,
190,Lakeland_terrier,0,,
620,"lampshade,_lamp_shade",0,,
375,langur,0,,
305,"leaf_beetle,_chrysomelid",0,,
35,"leatherback_turtle,_leatherback,_leathery_turtle,_Dermochelys_coriacea",0,,
952,lemon,0,,
623,"lens_cap,_lens_cover",0,,
388,"lesser_panda,_red_panda,_panda,_bear_cat,_cat_bear,_Ailurus_fulgens",0,,
624,"letter_opener,_paper_knife,_paperknife",0,,
627,"lighter,_light,_igniter,_ignitor",0,,
628,"limousine,_limo",0,,
136,"limpkin,_Aramus_pictus",0,,
292,"lion,_king_of_beasts,_Panthera_leo",0,,
397,lionfish,0,,
630,"lipstick,_lip_rouge",0,,
132,"little_blue_heron,_Egretta_caerulea",0,,
356,llama,0,,
631,Loafer,0,,
34,"loggerhead,_loggerhead_turtle,_Caretta_caretta",0,,
304,"long-horned_beetle,_longicorn,_longicorn_beetle",0,,
91,lorikeet,0,,
634,"loupe,_jeweler's_loupe",0,,
327,"lycaenid,_lycaenid_butterfly",0,,
288,"lynx,_catamount",0,,
89,macaw,0,,
636,magnetic_compass,0,,
19,magpie,0,,
637,"mailbag,_postbag",0,,
640,"maillot,_tank_suit",0,,
226,malinois,0,,
641,manhole_cover,0,,
642,maraca,0,,
378,marmoset,0,,
936,mashed_potato,0,,
645,matchstick,0,,
649,"medicine_chest,_medicine_cabinet",0,,
300,"meerkat,_mierkat",0,,
650,"megalith,_megalithic_structure",0,,
654,milk_can,0,,
659,mitten,0,,
661,"mobile_home,_manufactured_home",0,,
299,mongoose,0,,
667,mortar,0,,
670,mosquito_net,0,,
677,muzzle,0,,
112,"nematode,_nematode_worm,_roundworm",0,,
681,nipple,0,,
187,Norwich_terrier,0,,
685,"ocarina,_sweet_potato",0,,
687,oil_filter,0,,
366,"orangutan,_orang,_orangutang,_Pongo_pygmaeus",0,,
691,oxcart,0,,
144,"oystercatcher,_oyster_catcher",0,,
696,padlock,0,,
697,paintbrush,0,,
705,parking_meter,0,,
87,partridge,0,,
706,"passenger_car,_coach,_carriage",0,,
372,"patas,_hussar_monkey,_Erythrocebus_patas",0,,
85,peacock,0,,
709,"pedestal,_plinth,_footstall",0,,
710,"pencil_box,_pencil_case",0,,
711,pencil_sharpener,0,,
712,"perfume,_essence",0,,
715,"pick,_plectrum,_plectron",0,,
716,pickelhaube,0,,
721,pill_bottle,0,,
725,"pirate,_pirate_ship",0,,
727,"plane,_carpenter's_plane,_woodworking_plane",0,,
104,"platypus,_duckbill,_duckbilled_platypus,_duck-billed_platypus,_Ornithorhynchus_anatinus",0,,
732,"plunger,_plumber's_helper",0,,
733,"Polaroid_camera,_Polaroid_Land_camera",0,,
359,"polecat,_fitch,_foulmart,_foumart,_Mustela_putorius",0,,
736,poncho,0,,
738,"pop_bottle,_soda_bottle",0,,
741,power_drill,0,,
84,"prairie_chicken,_prairie_grouse,_prairie_fowl",0,,
377,"proboscis_monkey,_Nasalis_larvatus",0,,
82,ptarmigan,0,,
748,"punching_bag,_punch_bag,_punching_ball,_punchball",0,,
86,quail,0,,
750,"quill,_quill_pen",0,,
756,"radio_telescope,_radio_reflector",0,,
272,"red_wolf,_maned_wolf,_Canis_rufus,_Canis_niger",0,,
99,"red-breasted_merganser,_Mergus_serrator",0,,
142,"redshank,_Tringa_totanus",0,,
759,reel,0,,
762,"remote_control,_remote",0,,
323,"ringlet,_ringlet_butterfly",0,,
54,"ringneck_snake,_ring-necked_snake,_ring_snake",0,,
16,"robin,_American_robin,_Turdus_migratorius",0,,
393,"rock_beauty,_Holocanthus_tricolor",0,,
120,"rock_crab,_Cancer_irroratus",0,,
63,"rock_python,_rock_snake,_Python_sebae",0,,
766,"rocking_chair,_rocker",0,,
768,"rubber_eraser,_rubber,_pencil_eraser",0,,
140,"ruddy_turnstone,_Arenaria_interpres",0,,
83,"ruffed_grouse,_partridge,_Bonasa_umbellus",0,,
770,"rule,_ruler",0,,
772,safe,0,,
774,"saltshaker,_salt_shaker",0,,
177,"Saluki,_gazelle_hound",0,,
775,sandal,0,,
978,"sandbar,_sand_bar",0,,
776,sarong,0,,
778,scabbard,0,,
779,"scale,_weighing_machine",0,,
72,scorpion,0,,
200,"Scotch_terrier,_Scottish_terrier,_Scottie",0,,
178,"Scottish_deerhound,_deerhound",0,,
784,screw,0,,
785,screwdriver,0,,
109,"sea_anemone,_anemone",0,,
330,"sea_cucumber,_holothurian",0,,
116,"sea_slug,_nudibranch",0,,
66,sea_snake,0,,
787,sewing_machine,0,,
156,Shih-Tzu,0,,
794,shower_cap,0,,
370,"siamang,_Hylobates_syndactylus,_Symphalangus_syndactylus",0,,
285,"Siamese_cat,_Siamese",0,,
362,"skunk,_polecat,_wood_pussy",0,,
798,sleeping_bag,0,,
799,"slide_rule,_slipstick",0,,
115,slug,0,,
804,"snowplow,_snowplough",0,,
807,sock,0,,
808,"solar_dish,_solar_collector,_solar_furnace",0,,
812,space_heater,0,,
941,spaghetti_squash,0,,
815,speedboat,0,,
382,"spider_monkey,_Ateles_geoffroyi",0,,
817,spindle,0,,
130,spoonbill,0,,
29,"spotted_salamander,_Ambystoma_maculatum",0,,
383,"squirrel_monkey,_Saimiri_sciureus",0,,
268,standard_poodle,0,,
328,"starfish,_sea_star",0,,
822,steel_arch_bridge,0,,
824,stethoscope,0,,
7,stingray,0,,
995,"stinkhorn,_carrion_fungus",0,,
829,strainer,0,,
831,stretcher,0,,
395,sturgeon,0,,
834,"submarine,_pigboat,_sub,_U-boat",0,,
326,"sulphur_butterfly,_sulfur_butterfly",0,,
90,"sulphur-crested_cockatoo,_Kakatoe_galerita,_Cacatua_galerita",0,,
836,sundial,0,,
839,"sunscreen,_sunblock,_sun_blocker",0,,
840,suspension_bridge,0,,
221,Sussex_spaniel,0,,
846,syringe,0,,
849,tape_player,0,,
77,tarantula,0,,
851,"teddy,_teddy_bear",0,,
1,"tench,_Tinca_tinca",0,,
854,"thatch,_thatched_roof",0,,
856,thimble,0,,
857,"thresher,_thrasher,_threshing_machine",0,,
858,throne,0,,
245,Tibetan_mastiff,0,,
201,"Tibetan_terrier,_chrysanthemum_dog",0,,
79,tick,0,,
301,tiger_beetle,0,,
293,"tiger,_Panthera_tigris",0,,
381,"titi,_titi_monkey",0,,
860,toaster,0,,
861,"tobacco_shop,_tobacconist_shop,_tobacconist",0,,
864,totem_pole,0,,
97,toucan,0,,
865,"tow_truck,_tow_car,_wrecker",0,,
869,tray,0,,
870,trench_coat,0,,
52,triceratops,0,,
928,trifle,0,,
70,trilobite,0,,
872,trimaran,0,,
874,triumphal_arch,0,,
875,"trolleybus,_trolley_coach,_trackless_trolley",0,,
884,vase,0,,
886,velvet,0,,
888,vestment,0,,
889,viaduct,0,,
60,vine_snake,0,,
212,"vizsla,_Hungarian_pointer",0,,
24,vulture,0,,
167,"Walker_hound,_Walker_foxhound",0,,
314,"walking_stick,_walkingstick,_stick_insect",0,,
894,"wallet,_billfold,_notecase,_pocketbook",0,,
895,"wardrobe,_closet,_press",0,,
344,warthog,0,,
21,"water_ouzel,_dipper",0,,
59,water_snake,0,,
357,weasel,0,,
308,weevil,0,,
179,Weimaraner,0,,
173,whippet,0,,
42,"whiptail,_whiptail_lizard",0,,
902,whiskey_jug,0,,
903,whistle,0,,
128,"white_stork,_Ciconia_ciconia",0,,
271,"white_wolf,_Arctic_wolf,_Canis_lupus_tundrarum",0,,
343,"wild_boar,_boar,_Sus_scrofa",0,,
78,"wolf_spider,_hunting_spider",0,,
107,wombat,0,,
987,"yellow_lady's_slipper,_yellow_lady-slipper,_Cypripedium_calceolus,_Cypripedium_parviflorum",0,,
188,Yorkshire_terrier,0,, 
341,zebra,0,,
940,"zucchini,_courgette",0,,
518,crane,0,,